<?xml version="1.0" encoding="UTF-8" standalone="yes"?>
<addon id="plugin.video.ghostshader"
       name="[COLOR lime][B]Ghostshader[/B][/COLOR]"
       version="3.2"
       provider-name="GhostShadersCrew">
  <requires>
    <import addon="xbmc.python" version="2.1.0"/>
    <import addon="script.module.beautifulsoup" version="3.2.1"/>
    <import addon="script.module.simple.downloader" version="0.9.4"/>
    <import addon="script.module.beautifulsoup4" />
    <import addon="script.module.requests" />
    <import addon="script.module.httplib2" />
    <import addon="script.module.liveresolver" version="0.1.24" optional="true"/>
    <import addon="script.module.youtube.dl" optional="true"/>
    <import addon="plugin.video.youtube" optional="true" />
    <import addon="script.module.urlresolver" optional="true"/>
    <import addon="script.module.simplejson" />    
    <import addon="script.module.livestreamer" optional="true"/>
    <import addon="script.module.pyamf" optional="true"/>
	<import addon="plugin.program.ghostool" version="1.0.5"/>
	<import addon="plugin.video.ghostcrew" version="2.0.0"/>
	<import addon="script.skinshortcuts" version="1.0.17"/>
  </requires>
  <extension point="xbmc.python.pluginsource" library="default.py">
  <provides>video</provides>
  </extension>

  <extension point="xbmc.addon.metadata">
    <summary>Ghostshader</summary>
  
<description>Addon con contenuti reperibili facilmente in rete !!!</description>
        <news>

   v.3.0
</news>
    <platform>all</platform>
	<license></license>
	<website></website>
	<email></email>
	<disclaimer></disclaimer>
	<language>it</language>
  </extension>
</addon>


