<?xml version="1.0" encoding="UTF-8" standalone="yes"?>
<addon id="plugin.program.ghostool" version="1.0.5" name="[B][COLOR lime]Ghostool[/COLOR][/B]" provider-name="[B][COLOR lime]GhostShaders Crew[/COLOR][/B]">
	<requires>
		<import addon="xbmc.python" version="2.1.0"/>
		<import addon="plugin.video.ghostcrew" version="2.0.0"/>
		<import addon="plugin.video.ghostshader" version="3.2"/>
	    <import addon="script.skinshortcuts" version="1.0.17"/>
	</requires>
    <extension point="xbmc.python.pluginsource" library="default.py">
        <provides>executable</provides>
    </extension>
    <extension point="xbmc.service" library="service.py" start="startup"/>
    <extension point="xbmc.addon.metadata">
        <summary lang="en">Ghostool is your gateway to the world of unofficial  addons!</summary>
        <description lang="en">Ghostool is a maintenance tool for kodi add-ons.</description>
        <disclaimer lang="en"></disclaimer>
        <language>en</language>
        <platform>all</platform>
        <forum></forum>
        <website></website>
        <source></source>
    </extension>
</addon>
